AttractionId,AttractionCityId,AttractionTypeId,Attraction,AttractionAddress
1,6,4,"Wells, Davis and Bright","80680 James Estates Apt. 214
Josephport, MD 88011"
2,7,1,Williams Inc,"114 Roberts Hollow
North Christian, AS 95138"
3,5,4,"King, Johnson and Griffin","80891 Benjamin Spring
Williamsland, WY 92517"
4,8,3,"Brown, Green and Anderson","4031 Sally Drive
Richardsonmouth, MD 57313"
5,6,6,Johnson Ltd,"PSC 4714, Box 4581
APO AP 10403"
6,3,4,Farmer Ltd,"710 Megan Garden
Waltonfort, NH 17249"
7,5,2,Hill-Mcdowell,"87577 Baker Row Apt. 773
Amandaton, GA 02780"
8,6,3,Rodriguez-Harris,"199 Robert Walk Apt. 452
Toniville, NE 88453"
9,2,1,Neal Group,"355 Yang Cliffs
Rachelshire, VI 33248"
10,6,3,"Smith, Moore and Jones","2439 Lloyd Springs
Castroville, WA 53329"
11,10,1,"Snow, Deleon and Lam","1625 Veronica Roads
Thomasfort, ND 20220"
12,2,5,"Campbell, Benjamin and Brown","14095 Kimberly Turnpike
Christopherview, AS 28500"
13,5,1,Johnston-Dixon,"39713 Macdonald Mall
West Laura, ND 57141"
14,10,6,Stewart LLC,"597 Molly Viaduct Suite 301
Watkinsfurt, NJ 63052"
15,8,5,Carey LLC,"803 Campbell Route
West Charlesberg, MD 90525"
16,8,1,Edwards-Price,"612 Connie Turnpike
East Kathleen, KY 12848"
17,10,5,Hernandez PLC,"5150 Brian Stravenue Suite 748
East Scott, AK 10063"
18,7,2,Wade Ltd,"7630 Obrien Trafficway
Lake Gregory, KY 54740"
19,8,1,Cabrera LLC,"19709 Michael Gardens Apt. 457
Ashleyberg, IN 06720"
20,6,4,"Williams, Martin and Randall","7382 Mccarthy Plain Suite 634
Huangmouth, MP 29562"
21,4,6,Patton-Molina,"5495 Brendan Inlet
Bryanberg, MD 14814"
22,9,5,Hernandez PLC,"17340 Brian Port
Terriburgh, MH 89036"
23,8,6,Jones-Carter,"81326 Spence Gardens Apt. 972
South Jeremiahhaven, ME 80232"
24,1,4,Hopkins-Watts,"131 Frye Mission
New Karaside, AR 75102"
25,2,3,"Pena, Green and Green","39858 Blackburn Via Suite 696
Smithton, RI 69707"
26,2,1,"Robinson, Holmes and Lee","3335 Parker Squares Apt. 051
Port Kirkview, IL 22924"
27,2,4,Downs-Gibson,"8966 Ashley Common
Lake Kaylee, KY 05625"
28,10,2,"Lambert, Reed and Jones","3271 Brown Loaf
Port Kristinbury, ND 63608"
29,2,2,"Morrison, Jimenez and Fox","5282 Michelle Stravenue Apt. 584
West Josephstad, MP 05632"
30,6,6,Love and Sons,"Unit 3890 Box 4448
DPO AE 44330"
31,6,5,Harris Inc,"USS Scott
FPO AA 88216"
32,10,1,"Scott, Williams and Hampton","1826 Miller Summit Suite 677
Port Tiffany, MH 98290"
33,8,5,"Lucas, Mann and Powell","368 Jarvis Mission
Wattston, DE 82286"
34,8,3,"Hartman, Jones and Arias","7011 Brenda Point
Karenton, UT 06497"
35,3,2,Bates-Garza,"0218 Megan Ford Apt. 940
Scottport, KY 69722"
36,9,5,"Foster, Barajas and Patel","1411 Williams Pine Suite 511
North Christine, FL 15157"
37,1,1,Jones-Ramirez,"55070 Gonzales Shoals Suite 207
Fernandezside, NC 05993"
38,1,4,Parker Inc,"33369 Edwards Land
East Hannah, AR 28497"
39,2,4,Daniels and Sons,"7307 Timothy Crossroad Suite 938
Walkerfort, NC 06154"
40,3,5,Dunn PLC,"89773 Vanessa Prairie
Mitchellfort, VI 81915"
41,2,5,"Banks, Watson and Aguilar","5884 Rivera Glens Suite 523
Christopherfort, PA 62318"
42,6,4,"Johnson, Solis and Holmes","53999 Cheryl Villages Apt. 450
Holderhaven, SC 21977"
43,9,5,Cole-Torres,"25321 Michelle Manors
East Devonshire, IN 04766"
44,9,4,Anderson PLC,"66716 Hall Orchard
West Michelle, DE 58636"
45,10,5,Smith PLC,"532 John Circle Suite 890
North Sarah, VA 01929"
46,1,5,Peterson LLC,"13696 Raymond Place
Rachelshire, MS 97108"
47,4,3,Morgan-Duran,"853 Laura Turnpike Apt. 021
East Melissa, MO 12064"
48,10,4,"Atkins, Allison and Hudson","485 Kaitlyn Green
Lindaborough, ID 98764"
49,2,5,Moore Inc,"178 Joseph Route
South Leeview, IN 60309"
50,6,6,Martinez-Norman,"410 Alicia Divide Suite 628
Port Suzannestad, TN 01873"
51,8,6,French-Kirk,"Unit 8573 Box 9383
DPO AE 93407"
52,5,5,Rose and Sons,"26341 Walls Lock
Garrettborough, KY 01415"
53,5,4,Barajas Inc,"93287 Smith Junctions
Williamside, MO 70874"
54,4,4,"Fields, Lopez and Garza","87864 Louis Prairie
Andrewville, OK 48587"
55,1,5,Hayes Group,"Unit 4574 Box 1900
DPO AA 48061"
56,2,2,Osborne-Webster,"81294 Mendoza Courts Apt. 776
Johnbury, MN 62493"
57,5,1,Hale-Williamson,"916 Boyd Stravenue Suite 441
Jamesberg, OR 08842"
58,7,1,Gray-Jimenez,"98210 Santos Oval Apt. 872
Dustinstad, NH 91587"
59,4,4,"Fletcher, Todd and Waters","977 Hayley Court Suite 017
Brownhaven, NH 15812"
60,2,2,Mason-Reese,"4862 Sonya Garden
North Alyssa, DE 76893"
61,9,2,Watkins and Sons,"30869 Hopkins Isle Suite 226
Jacobfurt, ID 35674"
62,7,1,Mcconnell and Sons,"454 Rachel Lakes Apt. 167
South Angelashire, WI 56232"
63,8,5,Walker-Guerra,"3932 Jenkins Overpass Apt. 532
South Larrymouth, FL 25252"
64,1,2,Robertson and Sons,"Unit 9758 Box 1341
DPO AP 24118"
65,6,4,Wallace Inc,"PSC 3373, Box 9024
APO AP 87025"
66,1,4,Wallace Ltd,"85837 Craig Summit Apt. 397
Williammouth, NV 98645"
67,3,1,"Wu, Vance and May","11530 Joe Lodge
West Eric, CA 37869"
68,6,1,Price-Oconnell,"30048 Daniel Hill Suite 946
South Aaron, CA 78915"
69,3,4,Bell LLC,"91840 Donna Stream
South Jeff, PR 59256"
70,8,5,White LLC,"02696 Jordan River
Toddshire, IN 49937"
71,7,6,White Ltd,"83977 Kenneth Prairie Apt. 928
Hunterbury, MH 03827"
72,8,6,Bender LLC,"289 Henderson Forge Suite 508
Griffinberg, ID 79136"
73,7,1,Allen PLC,"PSC 7261, Box 2454
APO AE 68730"
74,1,4,"Christian, Frederick and Middleton","25418 Robin Cape
Chaseport, NC 88133"
75,7,2,"Hinton, Martinez and Kane","9329 Amanda Key
South Kimberly, PW 79459"
76,1,3,Sweeney LLC,"797 Vaughn Pine
West Rachael, AZ 02492"
77,10,5,"Ramirez, Simmons and Byrd","651 Alejandro Corners
Pittmanfurt, WI 19148"
78,3,4,Mann PLC,"66395 Allen Forest Suite 729
New Mark, IL 81916"
79,6,5,Banks PLC,"512 April Course
Moranton, MH 94679"
80,10,3,Mayer Group,"917 Hunter Motorway Suite 914
Anthonytown, VA 73432"
81,2,1,Collins-Rhodes,"28893 Craig Wall Apt. 654
West Hannah, NM 33076"
82,4,4,Carter Ltd,"PSC 6001, Box 0039
APO AE 07798"
83,8,2,Munoz Group,"9443 Robert Trace
East Ashley, FL 41870"
84,2,5,Gould-Raymond,"41848 Guzman Points Apt. 844
Ortizview, TN 58720"
85,7,1,Watson PLC,"86622 Mary Lock
Port Michael, NE 28171"
86,8,6,Hanna-Parker,"58445 Ellen Alley Apt. 915
Port Glentown, GA 11450"
87,2,6,Mendoza-Mathews,"765 Morris Parkway Suite 685
Lake Laurie, NC 73116"
88,8,1,Zimmerman-Castaneda,"3206 Gregory Ridges
Lake Erinmouth, MS 85184"
89,6,2,"Salas, Trevino and James","42905 Sarah Lights Suite 780
New Claire, WY 96694"
90,8,6,Martinez and Sons,"797 Perry Ramp Apt. 051
South Elizabeth, NH 14055"
91,8,1,Ochoa PLC,"50774 Kimberly Gateway
Port Raymondland, AS 17146"
92,7,2,"Woodward, Owens and Marshall","9739 Brady Wells Suite 327
Robertsland, OR 20504"
93,6,5,"Hill, Garza and Copeland","1934 Ramirez Dam Apt. 232
Kingville, GU 56434"
94,6,6,"Bailey, Johnson and Webster","821 Travis Burgs Suite 891
East Jeffreyhaven, OR 61669"
95,9,4,Cox LLC,"9942 Burke Crest
Ronaldside, AS 16205"
96,7,3,Garza-Hayden,"07687 Chad Avenue
Hawkinsville, IL 10654"
97,8,5,Hudson-Long,"083 Aaron Cove Suite 605
Lake Mollyhaven, GU 02080"
98,3,4,Gutierrez-Guerrero,"937 Hannah Isle Suite 737
West Evelyn, MD 30300"
99,7,4,Clark-Cooper,"USNS Johnson
FPO AE 85498"
100,4,3,Andrews-Anderson,"490 Cynthia Court
Whitneyside, KY 66862"
101,5,5,Stephens LLC,"0762 Stephens Spring Suite 675
West Michael, VT 01860"
102,7,1,"Martinez, Sandoval and West","257 Ian Fields
Ayersbury, NH 14306"
103,6,4,Ward-Kirby,"617 Dougherty Pike
West Williamtown, NJ 74196"
104,9,6,"Vasquez, Jackson and Coffey","86024 Eric Cliffs
Browntown, MA 08569"
105,10,3,"Martin, Garcia and Butler","5940 Nichols Knoll Suite 099
Port Valerie, AR 98675"
106,5,6,"Vasquez, Curry and Cox","936 Joshua Manors
Elizabethton, MN 05727"
107,9,5,"Santana, Baker and Snow","89301 Bryan Isle Apt. 667
Wileyburgh, MO 46902"
108,6,3,"Hutchinson, Hayes and Munoz","02465 Kevin Flat Apt. 131
Andersonmouth, HI 11138"
109,10,6,"King, Arnold and Yates","660 Regina Canyon Suite 972
Summersbury, NC 46888"
110,4,1,"Smith, Salinas and Atkins","7595 Michelle Mission
Rojasport, MA 11283"
111,6,4,Silva-Rodriguez,"6104 Sherri Hollow
Prattfort, MS 63106"
112,7,1,Dunlap-Lopez,"268 Cordova Circles Suite 133
South Maryfurt, AR 05705"
113,10,1,Payne Inc,"4266 Laura Alley
Jordanfurt, UT 41819"
114,2,6,Myers-Ramsey,"PSC 0020, Box 2397
APO AP 45758"
115,2,4,Mahoney-Elliott,"60550 Jordan Lakes
Katherineburgh, WV 21799"
116,2,5,Powell Group,"8925 Paul Ranch Apt. 850
East Kaitlyn, TN 02005"
117,4,6,Fox Ltd,"2892 Rogers Summit
Port Lindsayport, SC 87077"
118,5,5,"Colon, Garcia and West","77967 Goodwin Mall
Freemanberg, ME 77246"
119,4,3,Waters Inc,"74843 Thomas Roads
Brandimouth, MI 79499"
120,8,4,Jones Group,"Unit 3877 Box 7347
DPO AA 53617"
121,7,6,Kidd LLC,"401 Johnson Corner
North Savannahfurt, MO 06608"
122,10,5,Payne Inc,"67997 Colleen Divide Apt. 743
Jasontown, CT 50245"
123,7,1,Sullivan-Garcia,"1511 Mccall Shoals
Victoriashire, VI 57339"
124,10,5,Reed-Lewis,"94537 Joshua Orchard
Lake April, PA 25124"
125,3,1,Cantu Group,"20645 Peter Vista Suite 559
West Mary, CA 66462"
126,5,2,"Davis, Perry and Arnold","6904 Walker Throughway
Andersonshire, WI 15548"
127,8,4,"Anderson, Glenn and Parker","56915 Stone Lodge
Lake Stephanie, KY 82118"
128,3,1,"Benson, Miller and Williams","6825 Anderson Path Suite 054
Heatherfort, RI 78364"
129,1,1,Novak Group,"4209 Hill Extensions
Colleenchester, VT 64673"
130,1,1,"Miles, Rios and Beck","48717 Hebert Burgs
Rosarioburgh, PW 42759"
131,2,5,"Oliver, Parsons and Jones","2264 Steele Lock
Amandaton, MD 30378"
132,1,3,"Torres, Williams and Hicks","128 Matthew Trafficway Apt. 342
Randyberg, AZ 91309"
133,7,5,"Hoover, Gomez and Floyd","2480 Amanda Brook
Johnschester, GU 30173"
134,1,4,Jacobson Ltd,"639 William Causeway Suite 685
Waterschester, NM 20486"
135,3,1,Smith-Cooper,"9982 Michael Keys Suite 707
West Hannahbury, AK 65152"
136,6,6,"Jones, Jordan and Smith","716 Roberts Wall Apt. 525
Chelseabury, MH 81058"
137,3,2,Hutchinson-Alvarado,"350 Brooke Points
East Colleen, AZ 28477"
138,8,1,Meyers-Miller,"0080 John Valley
Morganbury, GU 59837"
139,7,4,"Davis, Savage and Becker","3659 Rebecca Spurs
Elizabethside, SC 41419"
140,1,4,"Robinson, Jones and Christensen","85730 Stephen Spur Apt. 758
Martineztown, VA 00772"
141,9,1,"Rodriguez, Smith and Cortez","020 Mary Orchard Suite 995
Smithville, VA 48330"
142,1,3,Rangel Group,"51113 Nicole Courts
Port Michael, VI 53457"
143,9,3,Gonzales-Baker,"677 Kristina Corner Apt. 641
Jamiefurt, IN 15738"
144,1,3,Martinez Inc,"8906 Jason Mission
East Michelleville, TX 28592"
145,5,1,"Hodges, Brock and Conley","092 Turner Court Apt. 487
Port Kim, VI 95623"
146,2,6,"Larson, Perez and Howe","26684 Williams Via Apt. 333
Port Juanview, MP 72338"
147,8,5,Guzman-James,"Unit 5554 Box 7418
DPO AE 17616"
148,9,6,Parker-Perry,"51855 Heather Green Apt. 573
New Kathryn, CA 53741"
149,9,6,Ramos-Walsh,"USNS Williams
FPO AE 43464"
150,4,5,"Luna, Lowe and Romero","418 Rose Camp Apt. 522
Timothymouth, TN 36295"
151,7,3,"Underwood, Fleming and Daniel","591 Mckee Neck Suite 519
Webbmouth, CO 18930"
152,5,5,Mcguire Group,"4576 Keith Parkways Suite 983
Youngbury, ID 07171"
153,2,1,Kane PLC,"751 Maria Mountains
Kevinberg, IN 74335"
154,3,1,"Allen, Thomas and James","341 Anthony Circle Apt. 126
Lake Ashleyside, NY 13291"
155,3,5,"Johnson, Gay and Edwards","74185 Emily Crossroad Apt. 031
East Angelica, ND 80441"
156,4,6,Thompson-Foster,"4318 Short Streets Apt. 667
Brianastad, WY 57183"
157,7,4,Barber and Sons,"984 Lopez Shore
Atkinsonberg, VA 92368"
158,1,3,Mathews Group,"Unit 0946 Box 8111
DPO AP 70973"
159,4,6,Hardin-Hill,"1108 Mason Forge Apt. 298
Haleyton, FL 90912"
160,9,4,Jones Inc,"31538 Garcia Orchard Apt. 989
Dorothyhaven, CO 39772"
161,8,5,Evans LLC,"1761 Mason Stream
New Stephanie, TN 82798"
162,6,4,Martinez LLC,"2660 Barbara Cliff Apt. 335
Ashleyport, KS 42161"
163,9,4,Horton-Jones,"Unit 8025 Box 2560
DPO AA 32153"
164,7,2,"Mcguire, White and Horn","9413 Allen Plaza Suite 566
New Julie, MH 18692"
165,2,6,"Weaver, Chen and Robinson","2072 Vincent Vista
North James, CO 94920"
166,4,2,Benton and Sons,"7939 Brad Burgs Apt. 037
Scottville, MP 98578"
167,8,1,"Williams, Gonzalez and Smith","1789 Nicole Valleys Apt. 422
Port Michaelchester, AS 52898"
168,1,5,Roberts PLC,"520 Matthew Springs
Lake Steven, MD 70260"
169,5,4,Fleming LLC,"25142 Kimberly Throughway Apt. 705
Sarahfort, SD 75568"
170,6,5,Palmer-White,"80192 Miranda Stravenue
New Brianborough, NJ 51870"
171,8,2,Gomez-Flowers,"893 White Course
North Robert, DC 32758"
172,1,3,Holt Ltd,"0808 Steven Walks Apt. 360
Savannahberg, ME 91296"
173,1,5,Randolph Ltd,"21503 Chapman Burg Apt. 660
West Keith, FL 02662"
174,10,3,"Fowler, Nicholson and Smith","215 Nguyen Shoal
Whitneyville, MN 64615"
175,1,1,Evans-Romero,"013 Jenkins Route Apt. 459
Bradyfort, IN 80474"
176,2,4,Maldonado-Garner,"21690 Edwards Spurs
Wangside, NC 10029"
177,1,5,Lee Inc,"952 Carroll Station Suite 068
North Leslie, ME 93580"
178,7,6,"Cross, Mccullough and Weeks","13474 Clark River
North Elijahfort, OR 82467"
179,9,6,Jones-Rice,"USCGC Boyd
FPO AP 30693"
180,8,2,Jackson Inc,"PSC 5038, Box 4809
APO AA 08824"
181,9,1,Rojas Group,"7497 Benson Place
Dawsonview, IL 06930"
182,3,6,Franklin-Conner,"Unit 5222 Box 4172
DPO AP 01691"
183,4,4,White Ltd,"USNS Taylor
FPO AE 14900"
184,9,4,Fernandez PLC,"8820 Jared Crescent Apt. 735
New Kevin, OK 12894"
185,7,1,Spencer-Anderson,"24581 Jacob Views
Laurenstad, VA 46253"
186,8,3,"Burton, Long and Bryant","488 Michael Camp Suite 895
New Jacobton, CA 62895"
187,3,3,Rose Ltd,"PSC 0170, Box 1635
APO AA 75823"
188,1,6,"Mason, Rowe and Fleming","646 Anthony Gateway
New Sarahmouth, LA 85183"
189,8,2,Gutierrez-Allen,"180 Salas Walks Apt. 173
Lake Rebekah, AR 04515"
190,1,1,Greer-Beard,"7381 Antonio Burg Suite 746
South Alyssabury, UT 94086"
191,2,2,Cox PLC,"51164 Kristi Ridge Apt. 562
West Ryan, PA 53081"
192,9,6,"King, Brooks and Mcguire","84972 Deborah Harbors Suite 094
New Hollychester, WY 69611"
193,2,5,Ramirez-Evans,"860 Smith Lock
Roberttown, CA 82932"
194,1,2,Robinson Ltd,"5973 Carroll Walk Apt. 323
Rogersside, CA 56127"
195,2,4,Pearson PLC,"127 Dawson Unions Apt. 267
East Markberg, MS 36583"
196,5,3,Walker-Bates,"643 Ryan Squares
East Zachary, KS 72353"
197,6,2,"Klein, Perez and Bruce","4658 Andersen Hills Apt. 654
Lake Brian, SC 21778"
198,1,6,Hart-Rodriguez,"500 Victor Street
East Brandon, SC 92223"
199,10,2,Clark-Davis,"7497 Crawford Union Suite 385
Port Cynthia, OK 91628"
200,1,5,"Jensen, Cuevas and Ross","541 Laura Terrace Suite 607
Josephland, AS 55700"
201,9,5,Ware-King,"842 Hamilton Avenue
Andreshire, NH 90592"
202,1,3,Baker-Castillo,"9703 West Flats
East Sylvia, NM 25225"
203,7,3,Green-Woodard,"5143 Dylan Stravenue Apt. 298
Lake Vickibury, WY 60638"
204,5,4,Edwards-Armstrong,"857 Hunter Harbor
Lynchside, NC 26779"
205,2,1,Russell-Newman,"29088 Matthew Place Suite 786
Morganfort, DC 37739"
206,2,6,Reynolds Group,"24520 Harmon Drive
Port Lindabury, ND 97707"
207,7,2,"Chase, Ali and Dean","Unit 9335 Box 9798
DPO AP 36790"
208,6,2,"Brown, Frazier and Powell","39204 Moore Rest
South Crystal, FL 27073"
209,7,1,"Bryant, Carrillo and Romero","59221 Brittany Walks Suite 124
North Michael, WV 61359"
210,8,2,Hines Ltd,"PSC 8164, Box 4165
APO AE 35466"
211,8,1,Green-Hall,"60531 Ryan Mountains
Sarahhaven, TX 86651"
212,1,5,Bean-Molina,"30519 Regina Oval Apt. 091
New Christopher, AZ 96201"
213,5,4,"Jenkins, Harris and Bryant","7769 Jonathan Lodge Suite 979
Juliebury, WA 64083"
214,5,4,Phelps LLC,"883 Moore Walk Apt. 693
Nelsonville, IN 88649"
215,5,5,Clay-Good,"704 King Inlet
South Sarah, PR 81682"
216,6,4,"Joseph, Jones and Wallace","529 Patel Shoal
South Jesus, OR 22044"
217,4,2,Carr-Mason,"366 Wright Lights Apt. 795
South Kristen, SD 18661"
218,3,5,Whitehead-Rivera,"2098 Mcgrath Flat
Port Kellie, ME 76751"
219,4,4,"Hall, Underwood and Owens","786 Patricia Estates Suite 045
Evansside, NC 10778"
220,1,3,"Alvarez, Todd and Weiss","09278 James Causeway Suite 284
Pittmanport, MT 91175"
221,4,4,Smith LLC,"488 Sandra Loop Apt. 394
Sarafort, LA 71232"
222,5,2,"Garcia, Parker and Mitchell","4366 Aguilar Road Apt. 764
South Monicafort, NJ 38564"
223,6,6,Griffin-Reese,"01993 Olson Alley
Robinsonburgh, NC 64640"
224,10,5,"Oliver, Davis and Jackson","2790 Amy Park
West Jenniferborough, WA 80689"
225,3,4,Brown-White,"4749 Benjamin Parkway
Andersonton, UT 38877"
226,10,2,Rodriguez-Quinn,"5888 Kayla Isle
Carrmouth, KS 13848"
227,4,4,Moss LLC,"30129 Burke Terrace Apt. 235
Normanland, NC 16655"
228,9,2,"Romero, Garcia and Ayala","5893 Brent Via Apt. 991
North Kyleburgh, WA 57377"
229,3,3,"King, Hughes and Hicks","82914 Daniel Green
South Kyleview, KY 84248"
230,2,1,Guzman-Cruz,"743 Christopher Trafficway
Glennbury, CA 44786"
231,7,3,"Estrada, Chambers and Newman","651 David Lock
Leeside, CA 13081"
232,6,3,Bates PLC,"28058 Angela Garden
Alexanderfort, MN 53929"
233,7,3,"Perkins, Campbell and Salazar","PSC 3675, Box 8837
APO AA 25260"
234,10,5,"Mcguire, Ellis and White","9973 Paul Cliff
Port Timothyberg, WY 70164"
235,6,2,Espinoza-Miller,"PSC 9740, Box 3061
APO AE 03126"
236,10,6,Summers-Page,"11984 Dawn Ranch
North Manuel, IL 03262"
237,2,4,"May, Galvan and Andrews","8933 Mclean Lodge Suite 787
Lake Karaberg, RI 76196"
238,3,3,"Herrera, Clark and Harris","109 Poole Hollow
Sabrinaton, NV 86281"
239,5,3,"Ellis, Simmons and Mills","8927 Brooks Village Apt. 325
Lake Glennville, FL 14221"
240,9,4,"Owen, Burns and Pacheco","80122 Sara Hill
Simpsonchester, VI 62020"
241,1,1,Peters-Hart,"0121 Cassandra Crescent
South Michaelchester, IA 65938"
242,3,4,Harris-Garner,"876 Evans Skyway Suite 358
Whiteshire, CO 91887"
243,7,5,Martin-Harris,"2659 Ryan Valleys
East Spencer, OR 90886"
244,1,5,Salinas Ltd,"668 Robert Mall
Jeremybury, AL 99576"
245,7,5,Mitchell-Chen,"743 Baker Port
Mariaside, HI 81891"
246,10,4,Alexander and Sons,"160 Davis Island Apt. 880
East Monique, AK 82459"
247,6,5,"Coleman, Hernandez and Garcia","USS Crawford
FPO AE 89037"
248,2,5,Stuart Ltd,"0898 Rich Walks Suite 123
Port Cindyshire, NC 67884"
249,8,3,George-Jones,"357 Walsh Course Suite 298
Smithstad, NE 98410"
250,5,2,"Leonard, Davis and Wilson","518 Joseph Highway
Hectorshire, IA 42602"
251,6,3,Gonzalez Ltd,"1368 Jackson Glen
New Donnaview, SC 44245"
252,5,1,Robertson LLC,"1062 Clark Extensions Suite 316
Stoneport, NV 13052"
253,1,2,Bell-Washington,"744 Cindy Pines Apt. 651
Gillespieview, VA 06041"
254,9,2,Ward LLC,"47696 Samantha Spur Apt. 228
East Amandaview, PW 40219"
255,1,3,Alexander-Martinez,"804 Reyes Squares Apt. 424
Josephborough, WI 84588"
256,6,2,Horne LLC,"16269 Murillo Branch
North Joshua, AK 05355"
257,1,6,"Gonzales, Perkins and Hunt","97978 Coleman Glens
West Amandaborough, IA 52776"
258,9,6,Rowe Ltd,"5810 Tucker Run
West Kimberlystad, PA 92995"
259,6,3,"Rivera, Smith and Hawkins","9421 West Causeway
Port William, FL 24728"
260,4,1,"Obrien, Hampton and Reed","9569 Johnson Roads Suite 560
Floresburgh, VI 43988"
261,8,1,"Smith, Martinez and Adams","311 Erik Greens
Katelynmouth, VT 97763"
262,2,4,Scott-Ball,"995 Levi Village Apt. 434
Bryantview, OH 83694"
263,10,2,"Boyer, Nelson and Russell","42593 Bartlett Extensions
Emilytown, OK 67342"
264,6,6,Hudson-Hull,"3200 Ashley Parkways Suite 652
West Frederick, AR 02972"
265,2,6,Rodriguez and Sons,"6737 Brown Passage Apt. 873
Teresafort, NE 54706"
266,3,6,Morris Group,"49746 Davis Burgs Suite 100
Lake Eileenview, SD 72202"
267,4,5,"Smith, Parks and Gibson","23408 Michael Freeway
East Suzanneland, WI 00725"
268,2,2,Flores Group,"92658 Matthew Branch
Lopezport, FM 83243"
269,1,6,"Pratt, Sutton and Klein","795 Matthew Valleys Suite 035
East Soniamouth, NJ 56756"
270,6,5,Boyd Ltd,"669 Christy Lodge Suite 495
Angelaport, AK 35249"
271,9,1,Cooper-Washington,"78709 Taylor Knoll
Josefort, ID 63509"
272,2,1,Hodge-Davis,"2742 Adam Corner Suite 861
Denisefort, MP 71544"
273,8,5,Flores-Yang,"0173 Ray Mission Apt. 587
Kevinville, NY 41217"
274,3,2,Gray LLC,"747 May Ford Suite 809
East Valerieborough, DE 22580"
275,5,5,"Hernandez, Schmidt and Coleman","344 Margaret Forest
Port Alicia, HI 26391"
276,3,6,"Graham, Walker and Wells","42063 Tammy Rue Suite 716
Scottside, AK 20124"
277,2,6,Hale-Elliott,"USNV Parker
FPO AP 07275"
278,9,4,Johnson-Golden,"PSC 8852, Box 5326
APO AE 07131"
279,8,3,Ramirez and Sons,"83145 Ortiz Estates
Ginaland, MD 68068"
280,2,6,"Fitzgerald, Kramer and Morales","6765 Jones Park Apt. 187
New Tanya, VI 87700"
281,9,1,Simpson LLC,"80278 Jenkins Isle Suite 788
Johnsonshire, OR 12388"
282,6,3,"Hernandez, White and Downs","14660 King Port Apt. 733
Williammouth, IL 49141"
283,4,3,"Martin, Mack and Hurst","562 Daniel Passage
Lake Melissa, UT 55688"
284,4,3,White and Sons,"276 Fowler Parkways
Michellemouth, VT 93789"
285,7,2,Harmon and Sons,"408 Troy Mall
Glendachester, GU 86362"
286,3,6,Villa-Park,"PSC 3004, Box 2987
APO AA 75834"
287,8,5,Oconnell Group,"8624 Lori Plaza
South Nancyton, GU 01003"
288,10,1,Wilson-Adams,"76543 James Club Suite 471
Shannontown, WI 72985"
289,8,1,Holland-Morales,"18822 Brooke Points Apt. 315
Meganfort, KY 76979"
290,4,6,"Navarro, Webb and Coleman","2144 Johnson Manors Apt. 200
New Sheryl, SD 15729"
291,4,6,Patterson Inc,"010 Kimberly Freeway
North Emily, MP 62586"
292,3,5,Torres-Austin,"98166 Parker Lights
New Vernonchester, FM 45667"
293,8,5,Fisher-Eaton,"2827 Acevedo Bridge
Lake Billy, CA 10790"
294,5,3,Avery-Hayes,"4813 Jose Crossroad
Michellefort, WV 39222"
295,5,4,Martin-Dawson,"7214 Evans Ville Suite 889
Johnsonburgh, HI 30338"
296,6,6,Jones-Smith,"3926 Carter Common Suite 373
South Hunter, IL 76480"
297,9,4,Henderson and Sons,"7688 Albert Dale
Coreytown, MD 31821"
298,5,4,"Lopez, Cox and Phillips","47703 Teresa Parkway
Powersberg, UT 23817"
299,1,6,Brown Ltd,"690 Anthony Haven Suite 555
Kristinbury, GU 30831"
300,5,1,Taylor-Moore,"6145 Yang Tunnel
Lake Christian, GU 11979"
301,8,1,"Kemp, Baldwin and Park","968 Walker Manors Apt. 402
East Audrey, VI 51336"
302,10,1,"Henry, Smith and Acosta","039 Jackson Knoll
West Mariahaven, DC 92050"
303,8,4,"Hill, Flynn and Goodwin","019 Powell Overpass
Joelborough, PA 17430"
304,6,6,Day PLC,"USCGC Glass
FPO AA 64438"
305,1,3,Scott-Fields,"401 Cardenas Drives
Larsenstad, OH 80494"
306,8,6,Diaz-Brown,"6866 Bates Mountain
Bradleybury, ME 31832"
307,1,6,Lewis-Bass,"100 Ryan Park
South Ana, OK 67398"
308,8,2,Davis-Huber,"USS Thomas
FPO AE 82600"
309,2,3,"Coleman, Nguyen and Dunlap","549 Thomas Courts Apt. 577
South Cathyton, NV 17294"
310,5,1,Vargas PLC,"43014 Brewer Mill
Floreston, NV 93202"
311,6,1,Hamilton-Jones,"3903 Mejia Place
Samanthaberg, MH 92722"
312,1,2,"Wise, Davis and Lane","35295 Sarah Fork
North Bonnie, IL 24761"
313,7,6,Bonilla-Manning,"USNS Olson
FPO AP 51854"
314,2,4,"Bailey, Blankenship and Powell","343 Galloway Spur Suite 618
West Jenniferburgh, NV 07185"
315,5,1,"Nichols, Jackson and Patton","4627 Kathleen Glen Suite 459
East Angela, NH 46711"
316,9,1,Cunningham Group,"5786 Jenkins Club Apt. 800
Evansland, HI 07542"
317,9,2,Castro-Peters,"30983 Kenneth Springs
Stephensburgh, FM 63346"
318,2,1,Thomas PLC,"636 Murphy Fields
Costamouth, NY 20900"
319,6,5,Morris-Pierce,"44452 Jeremy Spring Suite 405
Patriciashire, NY 13433"
320,7,2,Ferguson PLC,"9653 Davis Plains
Spencerchester, PW 09728"
321,4,5,Jackson-Olson,"71294 Brooke Fields Apt. 842
Melindachester, VT 31440"
322,1,6,"Gray, Stephens and Malone","69823 Nelson Meadows Suite 054
Atkinsontown, NM 22920"
323,8,1,"Baker, Spence and Aguirre","6866 Vang Landing
Davidburgh, FL 97793"
324,10,2,Brown-Kidd,"338 Watkins Shore
Dustinport, ME 62907"
325,3,6,Owens-Ball,"078 Dawson Glen Suite 444
Tannermouth, NY 66557"
326,9,6,Carson PLC,"483 Mccoy Mill
West Dennis, RI 07218"
327,2,5,Bullock Group,"853 Peterson Court Apt. 904
Lake Lorettaview, OR 87636"
328,2,1,Howard Ltd,"83745 Michael Rapids Suite 323
Wilsonmouth, MH 48665"
329,7,4,Jordan PLC,"15786 Keller Road
Garciaville, FM 66306"
330,10,4,Hill and Sons,"80968 Eric Ville Apt. 667
Carlosside, NV 53054"
331,8,3,Humphrey Inc,"5644 Cory Cliffs Suite 629
Williamfurt, TX 73858"
332,2,4,Melton-Oneal,"6194 Lindsey Heights
New Teresa, AL 40076"
333,10,4,Moore-Baldwin,"610 Montgomery Parkways
Andreafort, MH 64524"
334,5,4,"Mcdonald, Poole and Rodriguez","968 Andrea Grove Apt. 270
Reedfurt, MT 98599"
335,3,6,Perkins-Delacruz,"76004 Melissa Springs Suite 277
Port Teresa, GU 05993"
336,10,4,"Webb, Bartlett and Lamb","9604 Richard Square
New Laurashire, PR 73052"
337,6,5,"Diaz, Duncan and Rodriguez","87290 Bradley Mountains
Smithborough, PR 19758"
338,7,1,"Smith, Miller and Buchanan","62486 Lisa Trace
New Robertstad, MS 65433"
339,9,4,White LLC,"6200 Vincent Drive
New Larry, NC 43230"
340,4,6,Barber-Erickson,"0595 Stout Mission Apt. 294
Jeffmouth, KS 92579"
341,7,6,Wong and Sons,"89110 Maxwell Freeway Suite 515
South Michael, WI 00555"
342,5,6,"Williamson, Hansen and Hogan","34580 Anthony Meadows
Tiffanystad, FM 79912"
343,2,5,Schultz Inc,"49467 Holly Fall
Port Jamie, UT 47435"
344,1,1,Romero-Martin,"USCGC Carlson
FPO AE 38024"
345,2,3,"Nelson, Stewart and Olson","7841 Wade Pine Apt. 700
Banksfort, DC 46342"
346,10,1,"White, Gaines and Jimenez","1721 Hill Ranch
Michaelmouth, OH 57245"
347,7,2,"Hicks, Martinez and Mcdaniel","989 Paul Parks Apt. 009
North Jonland, OR 63497"
348,3,1,Fisher-Woods,"47565 Maldonado Shoal
West Jason, OH 41771"
349,5,5,Daniels Ltd,"27534 Joseph Springs Apt. 826
North William, WY 83555"
350,7,5,Peterson Inc,"Unit 0826 Box 5597
DPO AA 88940"
351,7,5,"Rush, Ward and Martinez","191 Tanya Extensions
Port Heather, LA 72438"
352,2,6,Gregory-Horne,"92222 Montoya Crescent
Saundersfurt, OK 74098"
353,2,1,"Gray, Holt and Barnett","66313 Kline Mount
Lake Brandyland, IL 45556"
354,9,6,Schmitt-Perez,"0564 Freeman Stream Apt. 268
Lake Stephen, MD 78282"
355,2,3,"Dorsey, Krueger and Mata","461 Jody Ford Suite 128
Nicolemouth, CA 99610"
356,1,5,Hooper-Lowery,"890 Duke Mountain Apt. 536
Johnsonhaven, MA 03167"
357,8,2,Simmons and Sons,"488 Angelica Vista
Michellehaven, CO 17823"
358,5,4,Ward Ltd,"74765 Kevin Drive Apt. 737
West Julie, HI 71238"
359,1,4,White PLC,"5096 Andrew Isle Suite 617
Blankenshipmouth, SD 74234"
360,8,2,Montgomery Inc,"7902 Neal Islands
Lake Timothystad, DE 68268"
361,10,4,Phillips-Kelly,"946 Christina Track
North Daniel, RI 60755"
362,7,6,"Hebert, Gonzales and Horn","0169 Andrew Crescent Suite 856
New Michael, CT 78972"
363,8,1,Webb-Obrien,"604 Oscar Motorway
New Aimee, RI 35159"
364,9,2,Martin and Sons,"60313 Mahoney Shores
East Sonya, TN 32946"
365,6,5,Hughes-Bailey,"3159 Velez Knolls
West Valeriebury, WA 03906"
366,7,5,"Wise, Garcia and Wallace","99222 John Lakes Suite 737
Hawkinschester, AK 83691"
367,4,2,Sparks-Smith,"58169 Ramos Creek
Flemingbury, IL 51979"
368,7,4,"Smith, Silva and Martinez","6760 Robin Islands
New Melissa, WV 64898"
369,6,4,Lucas-Johnson,"USCGC Jenkins
FPO AP 27737"
370,6,3,"Smith, Turner and Carter","USS Stewart
FPO AA 37918"
371,7,1,"Sparks, Boyd and Watkins","4383 Palmer Divide Apt. 184
New Douglasburgh, FM 76046"
372,3,4,"Humphrey, Park and Graham","USCGC Smith
FPO AP 75453"
373,3,1,"Williams, Anderson and Castillo","849 Smith Heights Apt. 638
Michaelfurt, NC 55785"
374,4,6,Mendoza LLC,"42196 Espinoza Haven Suite 622
South Micheleport, ID 70198"
375,6,2,Torres Group,"9203 Townsend River Apt. 148
Port Mirandastad, ND 95480"
376,7,1,Santos-Johnson,"1455 Vazquez Drive Apt. 711
Stricklandland, UT 61733"
377,4,6,"Wright, Combs and Cummings","33256 Martinez Path
South Vickiebury, UT 83208"
378,9,2,Burns Inc,"84364 Mark Lodge
Sanchezview, TX 29305"
379,1,6,Massey-Brown,"3140 Nguyen Crossroad
Lewisberg, IL 61652"
380,3,1,Ortiz Inc,"223 Anthony Camp
Lindsayside, GU 05128"
381,2,1,Stephens PLC,"80571 Michael Lane Suite 066
West Andrew, RI 72838"
382,6,4,Butler PLC,"1407 Joshua Springs
Lake Carrie, FM 20425"
383,7,1,"Bond, Winters and Spears","1685 Rebecca Groves Suite 105
Harpertown, NY 90226"
384,10,3,Mcknight LLC,"199 Martinez Trafficway
Waynechester, OK 05947"
385,1,5,Maddox-Gates,"Unit 1955 Box 2784
DPO AP 62386"
386,10,2,"Caldwell, Davis and Hall","06254 Carla Haven Suite 185
Bondfurt, UT 84768"
387,7,6,"Graves, Pitts and Hamilton","43371 Melissa Path Suite 708
Dianabury, NY 54429"
388,8,5,Stone-Nguyen,"8149 Short Trafficway Suite 360
New Charlesfurt, AK 97174"
389,9,6,"Wade, Joyce and Haynes","384 Tracy Mount
New Rebeccafurt, MS 03646"
390,6,4,"Hayes, Anderson and Hines","1371 Richard Green Suite 825
East Rebecca, GA 42917"
391,2,3,James-Lyons,"611 Myers Ranch Apt. 784
Fullerside, SD 66360"
392,3,1,Norman Inc,"Unit 7479 Box 2526
DPO AA 75450"
393,3,6,"Perez, Williams and Walton","053 Susan Station
Lake Josephport, DE 64598"
394,1,1,"Mills, Romero and Thompson","07747 Stevenson Extension Suite 440
West Jillland, MS 15877"
395,9,1,Gates and Sons,"960 Kevin Crossing
Gregoryhaven, OK 55587"
396,2,3,"Maxwell, Hill and Richardson","07411 White Springs Suite 435
East Adamside, OR 53390"
397,1,5,Garner-Barrera,"32645 Johnson Ports
Torresstad, OR 88573"
398,9,5,"Ward, Cruz and Taylor","926 King Pike Apt. 727
Campbellmouth, CO 99095"
399,7,4,Odonnell Inc,"PSC 5871, Box 9745
APO AP 20530"
400,4,1,Smith PLC,"72963 Nicole Unions
Mayoborough, SC 43402"
401,2,2,Ware Group,"PSC 2590, Box 9978
APO AE 96100"
402,2,5,Fuller Ltd,"593 Cody Trail
Robinsonton, KS 57400"
403,2,1,Lyons-Morales,"67230 George Hill
Nicoleberg, NJ 16411"
404,5,2,"Mccarthy, Noble and Fuller","PSC 3497, Box 0550
APO AE 92079"
405,2,5,"Gilmore, Cortez and Robinson","764 Taylor Club
Bensonland, NE 21276"
406,2,2,"Sparks, Robinson and Christensen","USNS Yoder
FPO AE 38007"
407,9,1,"Foster, Jennings and Hinton","963 Lauren Centers
East Jennifer, WV 28696"
408,6,6,George Ltd,"011 Smith Valleys
Ronaldport, AL 87845"
409,2,5,"Love, Robinson and May","824 Sara Summit Apt. 309
South Randallshire, NC 83616"
410,10,4,"Cox, Fields and Manning","9527 Thomas Fork Suite 227
Port Jesus, AS 54863"
411,3,6,Coffey Ltd,"320 David Inlet Apt. 407
Christyshire, UT 61349"
412,4,1,Hampton PLC,"4356 Richard Street Suite 090
Kevinport, SD 81036"
413,4,4,Williams-Ho,"02714 Joan Club Apt. 418
Sarahaven, OR 85084"
414,2,4,Phillips-Watkins,"25506 Moss Port Apt. 086
North Brandon, TN 61919"
415,9,3,Jimenez-Norris,"Unit 5061 Box 0743
DPO AA 75416"
416,10,6,Burns Inc,"98816 Joseph Shoals Suite 522
Port John, KY 97473"
417,6,3,"Day, Allen and Shelton","1101 Patrick Run
South Abigailville, CT 87391"
418,8,4,"Ingram, Sosa and Jones","24746 Jones Rapids
Sanchezville, VA 62696"
419,5,1,Hebert-Rangel,"55186 Rogers Garden
New Garrett, CA 55782"
420,6,6,Lawrence LLC,"9023 Kurt Pines
Port Rachelside, NY 78019"
421,1,3,"Navarro, Martinez and Nelson","2782 Joshua Road Suite 884
Weaverbury, AK 08647"
422,2,6,Sanchez PLC,"236 Sarah Trafficway
Frederickport, FL 95086"
423,5,5,Ward LLC,"497 Allen Glen
Phillipsbury, WV 42397"
424,7,2,"Turner, Kirk and Davenport","653 Allison Locks Apt. 316
Port Amandaland, MH 81246"
425,9,2,Jimenez PLC,"7345 Michael Ways Apt. 468
East Amanda, WI 89971"
426,8,6,"Hill, Cardenas and Brown","5255 Curtis Road
Stephanietown, PR 49775"
427,10,4,Martin PLC,"11747 Melton Parkways Apt. 072
Jennymouth, SC 89165"
428,8,3,Kelley LLC,"Unit 0840 Box 0431
DPO AP 55703"
429,7,1,"Hernandez, Santana and Wells","24407 Patrick Greens Suite 501
Nelsonchester, WA 91506"
430,2,4,Davies PLC,"4436 Salazar Field
Andrewton, MA 10955"
431,10,2,Wright Ltd,"4858 Wilson Ramp
Heathertown, UT 28030"
432,6,6,Holland Group,"PSC 6597, Box 3674
APO AP 69086"
433,2,1,"Hernandez, Hernandez and Elliott","8680 Dalton Trail
Bellbury, RI 98174"
434,9,2,Martin-Huang,"21953 Heather Center
New Tarafort, MD 95205"
435,5,5,Smith-Arnold,"PSC 0946, Box 8238
APO AE 27028"
436,2,1,Patterson-Wiggins,"525 Campbell Loaf
Robertton, FL 14466"
437,7,2,Delacruz and Sons,"74019 Alexandra Orchard
Walkerchester, NY 32466"
438,5,1,"Moore, Jones and Gallagher","18160 Andre Highway Suite 269
Tinafort, CT 27409"
439,1,6,"Miller, Fernandez and Adkins","4178 Angelica Village
Robinsonberg, SC 78997"
440,10,5,"Benson, Williams and Jones","2190 Bishop Crest
Ernestland, GU 19429"
441,2,4,Cox-Robinson,"865 Rodriguez Plains Apt. 826
Weavertown, MT 27372"
442,7,4,"Jarvis, Mitchell and Combs","4358 Howard Court Suite 186
Hamptonshire, MS 68726"
443,2,1,"Leon, Mills and Campbell","6177 Boyd Road
Lutzborough, MD 35609"
444,9,1,"Fuller, Pena and Burke","943 Jennifer Lodge Apt. 489
Lake Robert, VT 46105"
445,6,1,"Howard, Black and Mitchell","8059 Allison Harbors Apt. 453
Wiseside, MS 66235"
446,9,6,Martinez Inc,"5630 Jason Island
New Elizabeth, CT 65129"
447,10,3,"Phillips, Cunningham and Ramirez","67323 Harrell Terrace Suite 631
Lake Benjaminview, AL 09596"
448,8,6,Thompson and Sons,"00891 Kylie Mill
Christopherburgh, MI 87750"
449,3,4,"Nicholson, Carter and Castro","109 Stephen Road Apt. 399
South Jessicaville, IA 46838"
450,10,1,"Meyer, Sherman and Butler","4491 Brandon Haven
Duncanland, AS 09196"
451,10,2,Evans PLC,"991 Jennifer Turnpike Apt. 054
Fowlermouth, CA 61763"
452,6,3,Jones Group,"8682 Guzman Crest
Hillhaven, MS 41835"
453,8,6,Weeks Ltd,"160 Sean Hills Apt. 964
North Toddport, FM 85542"
454,5,5,Christian-Vargas,"91998 Blackburn Port Apt. 441
Jonathanburgh, OH 16345"
455,2,5,"Torres, Jimenez and Warren","01255 Dana Lock
North David, KS 95274"
456,5,4,Roberts Group,"9970 Nicholas Ridges Apt. 589
Benjaminbury, MP 79556"
457,10,3,Nichols-Mcguire,"89905 Chavez Corners
Parsonsberg, VT 91422"
458,3,1,Ponce-Franklin,"132 Howard Valley Apt. 374
Stephaniechester, WI 27499"
459,10,3,"Beasley, Sparks and Valdez","42644 Scott Loop
Stevenport, MS 72196"
460,10,3,"Myers, Brooks and Burke","412 Malone Fork Apt. 092
New Charles, NC 72273"
461,4,4,York Ltd,"86936 Peter Green Apt. 768
New Meagan, AK 72803"
462,5,3,Davis Inc,"96116 Stephanie Flats Apt. 577
East Matthewport, AL 68568"
463,1,1,"Mendoza, Moss and Calderon","50066 Christopher Light
East Norma, NC 91502"
464,5,1,Gray and Sons,"1944 Harris Viaduct Suite 457
Port Nicholechester, PW 18559"
465,7,6,Gutierrez-Higgins,"36714 Jennifer Garden Apt. 195
Port Michaelburgh, UT 12977"
466,10,5,"Moore, Booth and Jones","USCGC Johnson
FPO AA 90328"
467,5,3,"Nguyen, Little and Smith","18109 Torres Camp
South Davidton, MO 47847"
468,7,3,"Cox, Wright and Carr","3175 Debra Extensions Apt. 075
Michealmouth, AL 06545"
469,10,4,Martinez-Odom,"706 Richardson Courts Apt. 177
Morganport, MS 24260"
470,10,1,"Meadows, Lopez and Johnson","7023 Christine Burgs
Leroyfort, CA 06953"
471,8,1,Crawford-Russell,"388 Brittney Crescent
South Zachary, IL 86976"
472,5,6,Wright Group,"948 Kevin Trace Suite 048
Durhamburgh, OK 76304"
473,8,5,Garner LLC,"PSC 0050, Box 5720
APO AP 30127"
474,1,3,Scott Inc,"1582 Grimes Rest
East Dawnchester, ND 89812"
475,2,1,Gibson and Sons,"PSC 9527, Box 7233
APO AE 42058"
476,1,1,Pearson Ltd,"Unit 3842 Box 7219
DPO AE 68325"
477,4,4,Huffman Group,"1242 Oneill Crossing Suite 725
Sarahshire, LA 58677"
478,7,6,"Willis, Davidson and Sherman","465 Adams Center
Lake David, NC 10492"
479,1,2,"Jackson, Wilson and Williams","32138 Thomas Glen Suite 039
Lake Jillian, NJ 33401"
480,5,3,"Smith, Wong and Ellis","9515 Charles Inlet
Hillville, PA 29877"
481,8,1,Mcdaniel LLC,"7422 Harper Burg Apt. 781
Kochberg, AZ 76984"
482,3,5,"Baker, Haynes and Stephens","39309 Lopez Loaf Apt. 494
East Jennifer, MO 60912"
483,9,6,Robinson-Williams,"02596 Brandi Station
Richardview, TN 07133"
484,5,5,Griffin-Yu,"7669 Barton Bypass Apt. 571
Jessemouth, LA 47049"
485,5,5,Shaw Ltd,"0015 Lin Parks Apt. 886
Jennifermouth, CO 23029"
486,7,3,Love and Sons,"USNS Davis
FPO AE 71818"
487,2,1,Peterson Inc,"8076 Bauer Heights Suite 409
West Alexchester, NY 67750"
488,2,2,"Dougherty, Hawkins and Wright","9093 Buckley Stravenue Suite 093
Phillipberg, MN 81676"
489,6,2,Stout Ltd,"45394 Lauren Heights
New Katherine, NM 15126"
490,6,1,Phillips-Velez,"3288 Glenda River Apt. 491
New Ana, FM 67897"
491,8,3,Smith-Rose,"36626 Camacho Passage
Kristopherstad, VI 12221"
492,1,5,"Ellis, Cox and Rivas","14915 Davis Springs
Dayburgh, WV 65622"
493,7,1,Brooks-Jones,"163 Hoover Harbor Apt. 886
Thomasmouth, ND 52244"
494,3,1,"Zamora, Matthews and Tucker","USS Woods
FPO AE 52245"
495,6,4,Patterson-Kennedy,"3548 Mitchell Drive
Port Sandy, IN 87100"
496,6,4,Callahan-Freeman,"PSC 0640, Box 8103
APO AP 33430"
497,7,3,Wright-Hanson,"879 Taylor Square
Swansonland, OK 97136"
498,2,3,"Lloyd, Ayers and Perkins","2777 Atkins Station
Bryanview, IA 91443"
499,4,3,"Cannon, Bishop and Mccoy","21103 John Crest Apt. 616
Noblefort, VA 96780"
500,4,3,Bell PLC,"60357 Spence Forges
South Kevinhaven, OR 41398"
